{"0": [-0.0037041278555989265, 0.26540225744247437, -0.4071812331676483, -0.364136666059494, -0.19055040180683136, 0.13266918063163757, -0.009801522828638554, 0.3923064172267914, -0.043904710561037064, 0.13090965151786804, -0.14952483773231506, -0.09725432842969894, -0.4726574420928955, -0.3276708126068115, -0.20393812656402588], "1": [-0.0037041278555989265, 0.26540225744247437, -0.4071812331676483, -0.364136666059494, -0.19055040180683136, 0.13266918063163757, -0.009801522828638554, 0.3923064172267914, -0.043904710561037064, 0.13090965151786804, -0.14952483773231506, -0.09725432842969894, -0.4726574420928955, -0.3276708126068115, -0.20393812656402588], "2": [-0.0037041278555989265, 0.26540225744247437, -0.4071812331676483, -0.364136666059494, -0.19055040180683136, 0.13266918063163757, -0.009801522828638554, 0.3923064172267914, -0.043904710561037064, 0.13090965151786804, -0.14952483773231506, -0.09725432842969894, -0.4726574420928955, -0.3276708126068115, -0.20393812656402588], "3": [-0.0037041278555989265, 0.26540225744247437, -0.4071812331676483, -0.364136666059494, -0.19055040180683136, 0.13266918063163757, -0.009801522828638554, 0.3923064172267914, -0.043904710561037064, 0.13090965151786804, -0.14952483773231506, -0.09725432842969894, -0.4726574420928955, -0.3276708126068115, -0.20393812656402588], "4": [-0.0037041278555989265, 0.26540225744247437, -0.4071812331676483, -0.364136666059494, -0.19055040180683136, 0.13266918063163757, -0.009801522828638554, 0.3923064172267914, -0.043904710561037064, 0.13090965151786804, -0.14952483773231506, -0.09725432842969894, -0.4726574420928955, -0.3276708126068115, -0.20393812656402588]}